Test,Correct%,Spurious%,Eliminate%
Test01,83.33333333333334,0.0,16.666666666666664
